,move_flag_fd,rate_gap_fd
move_flag_fd,1.0,-0.007843502873017667
rate_gap_fd,-0.007843502873017667,1.0
