,move_flag_twfe,rate_gap_twfe
move_flag_twfe,1.0,-0.0018498716551016892
rate_gap_twfe,-0.0018498716551016892,1.0
