horizon,response
1,-0.0012358872188377333
2,0.00107355310340434
3,-0.0005448109500484541
4,0.00027648280308767003
