transform,n,mean,median,sd,se,min,q1,q3,max,skew,kurtosis,std_min,std_max
between,51000,4.092290180840242,4.114000170396232,0.10670981321399971,0.10670981321399971,3.5764680776000457,4.037769427270748,4.16827155825182,4.290295280326675,-1.112028434735698,4.861054865070749,-4.833876920070582,1.855547240902268
within,48737,1.3267002268126704e-17,-0.2822535275180633,1.370572434428251,1.370572434428251,-11.919270073907898,-0.6868381355940509,0.3034331321018673,3.6557614937586207,-0.22639443171501203,8.734243774144911,-8.696563402634133,2.667324544057141
fd,45668,0.04949334471380298,-0.003593171069701695,1.0362799678829182,1.0362799678829182,-11.849084532362436,-0.2424559638189271,0.290737538411625,12.43194743058043,-0.03436388320937968,40.93604545627121,-11.482010890729264,11.948946683938631
twfe,48737,-6.882075187548583e-16,0.11087400158068217,0.6686863766125913,0.6686863766125913,-11.335832503196158,0.015642122650088908,0.1998211069338689,0.7959201825952884,-8.586655141245112,100.25231010928364,-16.952390387584735,1.1902742607487151
